Gene,Position,Phenotype,conservation_bg,pred_theoretical
CALM1,54,deleterious,0.184,benign
CALM1,83,deleterious,0.144,benign
CALM1,90,deleterious,0.229,benign
CALM1,98,deleterious,0.318,benign
CALM1,98,deleterious,0.318,benign
CALM1,105,deleterious,0.298,benign
CALM1,105,deleterious,0.298,benign
CALM1,130,deleterious,0.106,benign
CALM1,130,deleterious,0.106,benign
CALM1,130,deleterious,0.106,benign
CALM1,132,deleterious,0.275,benign
CALM1,133,deleterious,0.231,benign
CALM1,135,deleterious,0.207,benign
CALM1,141,deleterious,0.329,benign
CALM1,141,deleterious,0.329,benign
CALM1,142,deleterious,0.233,benign
CALM2,30,deleterious,0.152,benign
CALM2,35,deleterious,0.301,benign
CALM2,46,deleterious,0.144,benign
CALM2,58,deleterious,0.223,benign
CALM2,63,deleterious,0.303,benign
CALM2,64,deleterious,0.177,benign
CALM2,68,deleterious,0.343,benign
CALM2,90,deleterious,0.229,benign
CALM2,96,deleterious,0.209,benign
CALM2,96,deleterious,0.209,benign
CALM2,98,deleterious,0.318,benign
CALM2,98,deleterious,0.318,benign
CALM2,114,deleterious,0.205,benign
CALM2,130,deleterious,0.106,benign
CALM2,130,deleterious,0.106,benign
CALM2,130,deleterious,0.106,benign
CALM2,130,deleterious,0.106,benign
CALM2,132,deleterious,0.275,benign
CALM2,132,deleterious,0.275,benign
CALM2,132,deleterious,0.275,benign
CALM2,132,deleterious,0.275,benign
CALM2,133,deleterious,0.231,benign
CALM2,134,deleterious,0.303,benign
CALM2,134,deleterious,0.303,benign
CALM2,135,deleterious,0.207,benign
CALM2,136,deleterious,0.263,benign
CALM2,138,deleterious,0.485,benign
CALM2,141,deleterious,0.329,benign
CALM2,141,deleterious,0.329,benign
CALM2,141,deleterious,0.329,benign
CALM3,94,deleterious,0.259,benign
CALM3,96,deleterious,0.209,benign
CALM3,103,deleterious,0.145,benign
CALM3,103,deleterious,0.145,benign
CALM3,114,deleterious,0.205,benign
CALM3,130,deleterious,0.106,benign
CALM3,130,deleterious,0.106,benign
CALM3,130,deleterious,0.106,benign
CALM3,132,deleterious,0.275,benign
CALM3,138,deleterious,0.485,benign
CALM3,141,deleterious,0.329,benign
CALM3,141,deleterious,0.329,benign
CALM3,142,deleterious,0.233,benign
